{
    "mensaje": "El empleado se ha actualizado exitosamente",
    "codigo": "200",
    "detalles": {
      "id": "2",
      "nombre": "Omar",
      "apellidoMaterno": "Gonzalez",
      "apellidoPaterno": "Ramirez",
      "edad": "26",
      "curp": "VEGA780615HDFLML08",
      "rfc": "CUPU800825569",
      "domicilio": "Bugambilias 10, Colonia 10 de abril, Coyoacan CDMX",
      "imagen": "https://www.base64encode.org/",
      "puesto": "Software Engineer Sr Java",
      "status": "Activo",
      "numeroDeEmpleado": "306949"
    }
}